root-resourceType,root-id,root-meta-versionId,root-meta-lastUpdated
Person,11c5f4b7-601e-483a-bf28-49f7845fd981,3,2021-06-17T11:29:48.702-04:00
Person,1a,1,2021-07-15T15:56:18.160-04:00
Person,2a,1,2021-07-16T08:57:51.862-04:00
Person,323957,1,2021-06-14T20:54:26.985-04:00
Person,323958,1,2021-06-14T21:04:04.569-04:00
Person,325162,1,2021-06-17T11:02:48.956-04:00
Person,325163,1,2021-06-17T11:04:55.813-04:00
Person,325164,1,2021-06-17T11:10:02.939-04:00
Person,325165,1,2021-06-17T11:10:50.490-04:00
Person,325166,1,2021-06-17T11:10:56.349-04:00
Person,325167,1,2021-06-17T11:11:13.477-04:00
Person,325168,1,2021-06-17T11:13:43.867-04:00
Person,372760,1,2021-07-07T20:18:04.055-04:00
Person,938235asdf,2,2021-07-07T21:03:51.714-04:00
